<?xml version="1.0" encoding="UTF-8" standalone="yes"?>
<addon id="plugin.video.naisko" name="naIsko" version="0.2.2" provider-name="mang.pakundo">
    <requires>
        <import addon="xbmc.python" version="2.1.0"/>
        <import addon="inputstream.adaptive" version="2.0.0"/>
        <import addon="repository.mang.pakundo.addons" version="0.0.11"/>
    </requires>
    <extension point="xbmc.python.pluginsource" library="default.py">
        <provides>video</provides>
    </extension>
  <extension point="xbmc.addon.metadata">
    <platform>all</platform>
    <summary>naIsko</summary>
    <description>An account is required.</description>
  </extension>
</addon>
