<?xml version="1.0" encoding="UTF-8" standalone="yes"?>
<addon id="plugin.video.awantifc" name="awantifc" version="0.0.5" provider-name="mang.pakundo">
    <requires>
        <import addon="xbmc.python" version="2.1.0"/>
        <import addon="inputstream.adaptive" version="2.0.0"/>
        <import addon="repository.mang.pakundo.addons" version="0.0.11"/>
        <import addon="script.module.requests" version="2.22.0"/>
    </requires>
    <extension point="xbmc.python.pluginsource" library="addon.py">
        <provides>video</provides>
    </extension>
  <extension point="xbmc.addon.metadata">
    <platform>all</platform>
    <summary>Awan ti FC</summary>
    <description>An account is required</description>
    <language>en</language>
    <assets>
        <icon>resources/icon.png</icon>
        <fanart>resources/fanart.jpg</fanart>
    </assets>
  </extension>
</addon>
